,Date,Open,High,Low,Close,Adj Close,Volume,price_change,Daily_Avg_Sia,index,date,num_posts,weekday,sia_diff
0,2021-01-28,265.0,483.0,112.25,193.60000610351562,193.60000610351562,58815800,-71.39999389648438,0.007803056768558938,0,2021-01-28,458,Thur,
1,2021-01-29,379.7099914550781,413.9800109863281,250.0,325.0,325.0,50259200,-54.709991455078125,0.00881771771771771,1,2021-01-29,4995,Fri,0.0010146609491587712
2,2021-02-01,316.55999755859375,322.0,212.0,225.0,225.0,37382200,-91.55999755859375,0.24026333333333313,2,2021-01-30,600,Mon,0.2314456156156154
3,2021-02-02,140.75999450683594,158.0,74.22000122070312,90.0,90.0,78183100,-50.75999450683594,0.20850176991150451,3,2021-01-31,452,Tues,-0.03176156342182862
4,2021-02-03,112.01000213623047,113.4000015258789,85.25,92.41000366210938,92.41000366210938,42698500,-19.599998474121094,0.23245081081081076,4,2021-02-01,370,Wed,0.023949040899306245
5,2021-02-04,91.19000244140625,91.5,53.33000183105469,53.5,53.5,62427300,-37.69000244140625,0.15099154334038037,5,2021-02-02,473,Thur,-0.08145926747043039
6,2021-02-05,54.040000915527344,95.0,51.09000015258789,63.77000045776367,63.77000045776367,80886300,9.729999542236328,0.15396922094508303,6,2021-02-03,783,Fri,0.002977677604702661
7,2021-02-08,72.41000366210938,72.66000366210938,58.02000045776367,60.0,60.0,25687300,-12.410003662109375,0.17245740432612316,7,2021-02-04,601,Mon,0.018488183381040135
8,2021-02-09,56.61000061035156,57.0,46.52000045776367,50.310001373291016,50.310001373291016,26843100,-6.299999237060547,0.15228984526112196,8,2021-02-05,1034,Tues,-0.0201675590650012
9,2021-02-10,50.77000045776367,62.83000183105469,46.54999923706055,51.20000076293945,51.20000076293945,36455000,0.43000030517578125,0.12704640776699036,9,2021-02-06,1030,Wed,-0.025243437494131604
10,2021-02-11,50.0099983215332,55.31999969482422,48.220001220703125,51.099998474121094,51.099998474121094,12997400,1.0900001525878906,0.2898709956709957,10,2021-02-07,231,Thur,0.16282458790400536
11,2021-02-12,50.75,55.2400016784668,48.04999923706055,52.400001525878906,52.400001525878906,14498000,1.6500015258789062,0.17374903846153844,11,2021-02-08,104,Fri,-0.11612195720945728
12,2021-02-16,52.65999984741211,53.5,49.040000915527344,49.5099983215332,49.5099983215332,8175000,-3.1500015258789062,0.3197095238095238,12,2021-02-09,63,Tues,0.14596048534798534
13,2021-02-17,49.77000045776367,51.189998626708984,44.560001373291016,45.939998626708984,45.939998626708984,9186800,-3.8300018310546875,0.3735166666666666,13,2021-02-10,90,Wed,0.05380714285714283
14,2021-02-18,48.4900016784668,48.869998931884766,40.650001525878906,40.689998626708984,40.689998626708984,23990600,-7.8000030517578125,0.343351111111111,14,2021-02-11,45,Thur,-0.030165555555555612
15,2021-02-19,41.279998779296875,43.88999938964844,38.5,40.59000015258789,40.59000015258789,14828200,-0.6899986267089844,0.4447820512820512,15,2021-02-12,39,Fri,0.10143094017094023
16,2021-02-22,46.689998626708984,48.5099983215332,42.400001525878906,46.0,46.0,19476000,-0.6899986267089844,0.2900351851851853,16,2021-02-13,54,Mon,-0.15474686609686594
17,2021-02-23,44.970001220703125,46.22999954223633,40.0,44.970001220703125,44.970001220703125,7565200,0.0,0.37596744186046516,17,2021-02-14,43,Tues,0.08593225667527987
18,2021-02-24,44.70000076293945,91.70999908447266,44.70000076293945,91.70999908447266,91.70999908447266,83111700,47.0099983215332,0.6042266666666667,18,2021-02-15,15,Wed,0.22825922480620153
19,2021-02-25,169.55999755859375,184.67999267578125,101.0,108.7300033569336,108.7300033569336,150308800,-60.829994201660156,0.38193499999999997,19,2021-02-16,20,Thur,-0.22229166666666672
20,2021-02-26,117.45999908447266,142.89999389648438,86.0,101.73999786376953,101.73999786376953,91963000,-15.720001220703125,0.15842307692307694,20,2021-02-17,26,Fri,-0.22351192307692302
21,2021-03-01,104.54000091552734,133.99000549316406,99.97000122070312,120.4000015258789,120.4000015258789,49597300,15.860000610351562,0.39458679245283024,21,2021-02-18,53,Mon,0.2361637155297533
22,2021-03-02,116.93000030517578,133.1999969482422,112.19999694824219,118.18000030517578,118.18000030517578,33640400,1.25,0.21746891891891898,22,2021-02-19,74,Tues,-0.17711787353391126
23,2021-03-03,122.51000213623047,127.75,113.12000274658203,124.18000030517578,124.18000030517578,19173700,1.6699981689453125,0.25828775510204083,23,2021-02-20,49,Wed,0.04081883618312185
24,2021-03-04,125.0,147.8699951171875,115.30000305175781,132.35000610351562,132.35000610351562,32473600,7.350006103515625,0.3470590909090909,24,2021-02-21,44,Thur,0.08877133580705004
25,2021-03-05,128.1699981689453,151.52999877929688,127.5,137.74000549316406,137.74000549316406,30660200,9.57000732421875,0.40636,25,2021-02-22,20,Fri,0.059300909090909126
26,2021-03-08,154.88999938964844,210.8699951171875,146.10000610351562,194.5,194.5,63424800,39.61000061035156,0.24056909090909095,26,2021-02-23,55,Mon,-0.16579090909090904
27,2021-03-09,217.7100067138672,249.85000610351562,208.50999450683594,246.89999389648438,246.89999389648438,38725800,29.189987182617188,0.16294864864864866,27,2021-02-24,37,Tues,-0.07762044226044229
28,2021-03-10,269.42999267578125,348.5,172.0,265.0,265.0,71361900,-4.42999267578125,0.25713692307692304,28,2021-02-25,65,Wed,0.09418827442827438
29,2021-03-11,241.63999938964844,281.5,232.60000610351562,260.0,260.0,28186000,18.360000610351562,0.30514619565217393,29,2021-02-26,184,Thur,0.048009272575250894
30,2021-03-12,275.0,295.5,262.2699890136719,264.5,264.5,25760700,-10.5,0.4135382978723403,30,2021-02-27,94,Fri,0.10839210222016638
31,2021-03-15,277.5199890136719,283.0,206.0,220.13999938964844,220.13999938964844,24100400,-57.37998962402344,0.35428750000000003,31,2021-02-28,48,Mon,-0.05925079787234028
32,2021-03-16,203.16000366210938,220.6999969482422,172.35000610351562,208.1699981689453,208.1699981689453,35241900,5.0099945068359375,0.5202333333333333,32,2021-03-01,45,Tues,0.1659458333333333
